{
"type": "FeatureCollection",
"name": "farmer2",
"crs": { "type": "name", "properties": { "name": "urn:ogc:def:crs:OGC:1.3:CRS84" } },
"features": [
{ "type": "Feature", "properties": { "OBJECTID": 1, "NAME": "Magnolia Farmers Market", "LOCATION": "33rd Ave W / W McGraw St", "ORGANIZATI": "Neighborhood Farmers Market", "ACTIVEDAY": "Saturday", "MONTHS": "June 1 - October 12", "HOURS": "10 am - 2 pm", "WEBSITE": "https://seattlefarmersmarkets.org/mfm", "PHONE": "206-547-2278 (general info), 206-632-5234 (office)", "SE_ANNO_CAD_DATA": "" }, "geometry": { "type": "Point", "coordinates": [ -122.399633932857341, 47.639562472233145 ] } },
{ "type": "Feature", "properties": { "OBJECTID": 2, "NAME": "South Lake Union Saturday Market", "LOCATION": "Denny Way / 9th Ave", "ORGANIZATI": null, "ACTIVEDAY": "Saturday", "MONTHS": "May 4 - September 21", "HOURS": "11 am - 4 pm", "WEBSITE": "http://slumarket.com/", "PHONE": null, "SE_ANNO_CAD_DATA": "" }, "geometry": { "type": "Point", "coordinates": [ -122.340730658060252, 47.618549432775175 ] } },
{ "type": "Feature", "properties": { "OBJECTID": 3, "NAME": "Fremont Sunday Market", "LOCATION": "34th Ave N / N Evanston St", "ORGANIZATI": null, "ACTIVEDAY": "Sunday", "MONTHS": "Year Round", "HOURS": "10 am - 4 pm", "WEBSITE": "http://www.fremontmarket.com/", "PHONE": null, "SE_ANNO_CAD_DATA": "" }, "geometry": { "type": "Point", "coordinates": [ -122.351318173716777, 47.649828962249067 ] } },
{ "type": "Feature", "properties": { "OBJECTID": 4, "NAME": "Columbia City Farmers Market", "LOCATION": "37th Ave S / S Edmunds St", "ORGANIZATI": "Neighborhood Farmers Market", "ACTIVEDAY": "Wednesday", "MONTHS": "May 1 - October 9", "HOURS": "3 - 7 pm", "WEBSITE": "https://seattlefarmersmarkets.org/ccfm", "PHONE": "206-547-2278 (general info), 206-632-5234 (office)", "SE_ANNO_CAD_DATA": "" }, "geometry": { "type": "Point", "coordinates": [ -122.286292696502215, 47.558584157320503 ] } },
{ "type": "Feature", "properties": { "OBJECTID": 5, "NAME": "Queen Anne Farmers Market", "LOCATION": "W Crockett St / Queen Anne Ave N", "ORGANIZATI": null, "ACTIVEDAY": "Thursday", "MONTHS": "May 30 - October 10", "HOURS": "3 - 7:30 pm", "WEBSITE": "https://qafm.org/", "PHONE": "206-428-1983", "SE_ANNO_CAD_DATA": "" }, "geometry": { "type": "Point", "coordinates": [ -122.356956182510658, 47.637175315137867 ] } },
{ "type": "Feature", "properties": { "OBJECTID": 6, "NAME": "Lake City Farmers Market", "LOCATION": "NE 125th St / 28th Ave NE", "ORGANIZATI": "Neighborhood Farmers Market", "ACTIVEDAY": "Thursday", "MONTHS": "June 13 - October 3", "HOURS": "3 - 7 pm", "WEBSITE": "https://seattlefarmersmarkets.org/lcfm", "PHONE": "206-547-2278 (general info), 206-632-5234 (office)", "SE_ANNO_CAD_DATA": "" }, "geometry": { "type": "Point", "coordinates": [ -122.297818070596861, 47.719297443253851 ] } },
{ "type": "Feature", "properties": { "OBJECTID": 7, "NAME": "Phinney Farmers Market", "LOCATION": "6532 Phinney Ave N, upper lot", "ORGANIZATI": "Neighborhood Farmers Market", "ACTIVEDAY": "Friday", "MONTHS": "June 7 - September 27", "HOURS": "3 - 7 pm", "WEBSITE": "https://seattlefarmersmarkets.org/pfm", "PHONE": "206-547-2278 (general info), 206-632-5234 (office)", "SE_ANNO_CAD_DATA": "" }, "geometry": { "type": "Point", "coordinates": [ -122.354057174422181, 47.677644337568097 ] } },
{ "type": "Feature", "properties": { "OBJECTID": 8, "NAME": "Delridge Farmers Market", "LOCATION": "9421 18th Ave SW", "ORGANIZATI": "African Community Housing and Development", "ACTIVEDAY": "Saturday", "MONTHS": "May 18 - October 26", "HOURS": "10 am - 2 pm", "WEBSITE": "https://www.achdo.org/delridgefarmersmarket", "PHONE": "206-257-1166", "SE_ANNO_CAD_DATA": "" }, "geometry": { "type": "Point", "coordinates": [ -122.358247451481816, 47.518473942988656 ] } },
{ "type": "Feature", "properties": { "OBJECTID": 9, "NAME": "Wallingford Farmers Market", "LOCATION": "Meridian Ave N / N 50th St", "ORGANIZATI": "Seattle Farmers Market Association", "ACTIVEDAY": "Wednesday", "MONTHS": "May 29 - September 25", "HOURS": "3 - 7 pm", "WEBSITE": "http://www.sfmamarkets.com/visit-wallingford-farmers-market", "PHONE": null, "SE_ANNO_CAD_DATA": "" }, "geometry": { "type": "Point", "coordinates": [ -122.333733546395678, 47.665041401273449 ] } },
{ "type": "Feature", "properties": { "OBJECTID": 10, "NAME": "University District Farmers Market", "LOCATION": "NE 52nd St / University Way NE", "ORGANIZATI": "Neighborhood Farmers Market", "ACTIVEDAY": "Saturday", "MONTHS": "Year Round", "HOURS": "9 am - 2 pm", "WEBSITE": "https://seattlefarmersmarkets.org/udfm", "PHONE": "206-547-2278 (general info), 206-632-5234 (office)", "SE_ANNO_CAD_DATA": "" }, "geometry": { "type": "Point", "coordinates": [ -122.313065421695967, 47.666441473314741 ] } },
{ "type": "Feature", "properties": { "OBJECTID": 11, "NAME": "First Hill Express Farmers Market", "LOCATION": "9th Ave / Seneca St", "ORGANIZATI": "Pike Place Market", "ACTIVEDAY": "Friday", "MONTHS": "TBD", "HOURS": "10 am - 2 pm", "WEBSITE": "http://pikeplacemarket.org/farmers-market", "PHONE": "206-682-7453", "SE_ANNO_CAD_DATA": "" }, "geometry": { "type": "Point", "coordinates": [ -122.329126330536681, 47.610526398568801 ] } },
{ "type": "Feature", "properties": { "OBJECTID": 12, "NAME": "South Lake Union Express Farmers Market", "LOCATION": "426 Terry Ave N", "ORGANIZATI": "Pike Place Market", "ACTIVEDAY": "Thursday", "MONTHS": "TBD", "HOURS": "10 am - 2 pm", "WEBSITE": "http://pikeplacemarket.org/farmers-market", "PHONE": "206-682-7453", "SE_ANNO_CAD_DATA": "" }, "geometry": { "type": "Point", "coordinates": [ -122.336219747101822, 47.62261848051461 ] } },
{ "type": "Feature", "properties": { "OBJECTID": 13, "NAME": "West Seattle Farmers Market", "LOCATION": "California Ave SW / SW Alaska St", "ORGANIZATI": "Neighborhood Farmers Market", "ACTIVEDAY": "Sunday", "MONTHS": "Year Round", "HOURS": "10 am - 2 pm", "WEBSITE": "https://seattlefarmersmarkets.org/wsfm", "PHONE": "206-547-2278 (general info), 206-632-5234 (office)", "SE_ANNO_CAD_DATA": "" }, "geometry": { "type": "Point", "coordinates": [ -122.386792940284465, 47.561112136398734 ] } },
{ "type": "Feature", "properties": { "OBJECTID": 14, "NAME": "Pike Place Market", "LOCATION": "Pike Pl / Pine St", "ORGANIZATI": "Pike Place Market", "ACTIVEDAY": "Daily", "MONTHS": "Year Round", "HOURS": "9 am - 6 pm", "WEBSITE": "http://pikeplacemarket.org", "PHONE": "206-682-7453", "SE_ANNO_CAD_DATA": "" }, "geometry": { "type": "Point", "coordinates": [ -122.341847049135723, 47.609438189199444 ] } },
{ "type": "Feature", "properties": { "OBJECTID": 15, "NAME": "Ballard Farmers Market", "LOCATION": "22nd Ave NW / NW Market St", "ORGANIZATI": "Seattle Farmers Market Association", "ACTIVEDAY": "Sunday", "MONTHS": "Year Round", "HOURS": "9 am - 2 pm", "WEBSITE": "http://www.sfmamarkets.com/visit-ballard-farmers-market", "PHONE": null, "SE_ANNO_CAD_DATA": "" }, "geometry": { "type": "Point", "coordinates": [ -122.384760401512878, 47.668684064331202 ] } },
{ "type": "Feature", "properties": { "OBJECTID": 16, "NAME": "Madrona Farmers Market", "LOCATION": "Martin Luther King Jr Way / E Union St", "ORGANIZATI": "Seattle Farmers Market Association", "ACTIVEDAY": "Friday", "MONTHS": "May 17 - October 25", "HOURS": "3 - 7 pm", "WEBSITE": "http://www.sfmamarkets.com/madrona-farmers-market", "PHONE": null, "SE_ANNO_CAD_DATA": "" }, "geometry": { "type": "Point", "coordinates": [ -122.296214021837812, 47.612946239763936 ] } },
{ "type": "Feature", "properties": { "OBJECTID": 17, "NAME": "Capitol Hill Farmers Market", "LOCATION": "E Denny Way / Broadway E", "ORGANIZATI": "Neighborhood Farmers Market", "ACTIVEDAY": "Sunday, Tuesday", "MONTHS": "Year Round, June 4 - September 24", "HOURS": "11 am - 3 pm, 3 pm - 7 pm", "WEBSITE": "https://seattlefarmersmarkets.org/chfm", "PHONE": "206-547-2278 (general info), 206-632-5234 (office)", "SE_ANNO_CAD_DATA": "" }, "geometry": { "type": "Point", "coordinates": [ -122.32086931606284, 47.618745220249522 ] } }
]
}
